{"_id":{"$oid":"59dab071734d1d18c95d03ad"},"weight":"18000","vfriFlap5":"116","vfriFlap10":"110","vfriFlap15":"107","vClimb":"130"}
{"_id":{"$oid":"59dab0a6734d1d18c95d03cb"},"weight":"20000","vfriFlap5":"120","vfriFlap10":"112","vfriFlap15":"109","vClimb":"131"}
{"_id":{"$oid":"59dab0ea734d1d18c95d03d1"},"weight":"22000","vfriFlap5":"126","vfriFlap10":"118","vfriFlap15":"115","vClimb":"137"}
{"_id":{"$oid":"59dab124734d1d18c95d03d4"},"weight":"24000","vfriFlap5":"132","vfriFlap10":"123","vfriFlap15":"120","vClimb":"143"}
{"_id":{"$oid":"59dab16e734d1d18c95d03ea"},"weight":"26000","vfriFlap5":"137","vfriFlap10":"128","vfriFlap15":"125","vClimb":"148"}
{"_id":{"$oid":"59dab18a734d1d18c95d03f4"},"weight":"28000","vfriFlap5":"142","vfriFlap10":"134","vfriFlap15":"130","vClimb":"154"}
{"_id":{"$oid":"59dab1ad734d1d18c95d0406"},"weight":"29000","vfriFlap5":"146","vfriFlap10":"137","vfriFlap15":"133","vClimb":"158"}
