{"_id":{"$oid":"59dad519734d1d18c95d0c88"},"flapsDegree":"5","weight":"18000","V app":"115","V ref":"---","V ga":"109"}
{"_id":{"$oid":"59dad56d734d1d18c95d0cbb"},"flapsDegree":"10","weight":"18000","V app":"109","V ref":"108","V ga":"108"}
{"_id":{"$oid":"59dad598734d1d18c95d0cce"},"flapsDegree":"15","weight":"18000","V app":"106","V ref":"105","V ga":"105"}
{"_id":{"$oid":"59dad6f0734d1d18c95d0d29"},"flapsDegree":"35","weight":"18000","V app":"---","V ref":"101","V ga":"---"}
{"_id":{"$oid":"59dad752734d1d18c95d0d3e"},"flapsDegree":"5","weight":"20000","V app":"120","V ref":"---","V ga":"110"}
{"_id":{"$oid":"59dad776734d1d18c95d0d44"},"flapsDegree":"10","weight":"20000","V app":"112","V ref":"112","V ga":"108"}
{"_id":{"$oid":"59dad79c734d1d18c95d0d47"},"flapsDegree":"15","weight":"20000","V app":"106","V ref":"106","V ga":"105"}
{"_id":{"$oid":"59dad7c3734d1d18c95d0d4a"},"flapsDegree":"35","weight":"20000","V app":"---","V ref":"102","V ga":"---"}
{"_id":{"$oid":"59dad7f7734d1d18c95d0d77"},"flapsDegree":"5","weight":"22000","V app":"126","V ref":"---","V ga":"115"}
{"_id":{"$oid":"59dad81e734d1d18c95d0d80"},"flapsDegree":"10","weight":"22000","V app":"117","V ref":"117","V ga":"108"}
{"_id":{"$oid":"59dad83d734d1d18c95d0d83"},"flapsDegree":"15","weight":"22000","V app":"112","V ref":"112","V ga":"105"}
{"_id":{"$oid":"59dad86c734d1d18c95d0da4"},"flapsDegree":"35","weight":"22000","V app":"---","V ref":"107","V ga":"---"}
{"_id":{"$oid":"59dad896734d1d18c95d0da7"},"flapsDegree":"5","weight":"24000","V app":"131","V ref":"---","V ga":"120"}
{"_id":{"$oid":"59dad8c1734d1d18c95d0db8"},"flapsDegree":"10","weight":"24000","V app":"122","V ref":"122","V ga":"112"}
{"_id":{"$oid":"59dad8ff734d1d18c95d0dca"},"flapsDegree":"15","weight":"24000","V app":"117","V ref":"117","V ga":"107"}
{"_id":{"$oid":"59dad923734d1d18c95d0dd1"},"flapsDegree":"35","weight":"24000","V app":"---","V ref":"112","V ga":"---"}
{"_id":{"$oid":"59dad963734d1d18c95d0dd6"},"flapsDegree":"5","weight":"26000","V app":"137","V ref":"---","V ga":"125"}
{"_id":{"$oid":"59dad987734d1d18c95d0dde"},"flapsDegree":"10","weight":"26000","V app":"127","V ref":"127","V ga":"117"}
{"_id":{"$oid":"59dad9a8734d1d18c95d0de5"},"flapsDegree":"15","weight":"26000","V app":"122","V ref":"121","V ga":"111"}
{"_id":{"$oid":"59dad9e2734d1d18c95d0ded"},"flapsDegree":"35","weight":"26000","V app":"---","V ref":"116","V ga":"---"}
{"_id":{"$oid":"59dada0e734d1d18c95d0df3"},"flapsDegree":"5","weight":"28000","V app":"142","V ref":"---","V ga":"130"}
{"_id":{"$oid":"59dada34734d1d18c95d0dfb"},"flapsDegree":"10","weight":"28000","V app":"132","V ref":"132","V ga":"122"}
{"_id":{"$oid":"59dada64734d1d18c95d0e06"},"flapsDegree":"15","weight":"28000","V app":"126","V ref":"126","V ga":"116"}
{"_id":{"$oid":"59dada8a734d1d18c95d0e0e"},"flapsDegree":"35","weight":"28000","V app":"---","V ref":"120","V ga":"---"}
{"_id":{"$oid":"59dadac7734d1d18c95d0e13"},"flapsDegree":"5","weight":"29000","V app":"146","V ref":"---","V ga":"134"}
{"_id":{"$oid":"59dadae3734d1d18c95d0e17"},"flapsDegree":"10","weight":"29000","V app":"136","V ref":"136","V ga":"125"}
{"_id":{"$oid":"59dadb05734d1d18c95d0e20"},"flapsDegree":"15","weight":"29000","V app":"129","V ref":"129","V ga":"119"}
{"_id":{"$oid":"59dadb22734d1d18c95d0e25"},"flapsDegree":"35","weight":"29000","V app":"---","V ref":"123","V ga":"---"}
